{
  "summary_stats": {
    "llama": {
      "mean": -0.023268680686929385,
      "std": 0.0298529190217853,
      "min": -0.0814086986439568,
      "max": 0.0411363818815776,
      "positive_count": 8,
      "negative_count": 24,
      "significant_positive": 5,
      "significant_negative": 22,
      "near_zero": 5,
      "total_layers": 32
    },
    "mistral": {
      "mean": -0.0934173114198659,
      "std": 0.08723843158528015,
      "min": -0.2652464934757778,
      "max": 0.099743043737752,
      "positive_count": 6,
      "negative_count": 26,
      "significant_positive": 4,
      "significant_negative": 26,
      "near_zero": 2,
      "total_layers": 32
    },
    "qwen": {
      "mean": 0.0474541205960345,
      "std": 0.2536730209861126,
      "min": -0.0378946874822889,
      "max": 1.3600031158753805,
      "positive_count": 13,
      "negative_count": 15,
      "significant_positive": 6,
      "significant_negative": 8,
      "near_zero": 14,
      "total_layers": 28
    }
  },
  "correlations": {
    "llama_vs_mistral": {
      "pearson_r": 0.39779838923100425,
      "pearson_p": 0.024150810981455835,
      "spearman_r": 0.4571114369501466,
      "spearman_p": 0.008533537511894297,
      "layers_compared": 32
    }
  },
  "analysis_timestamp": "2025-10-20T10:25:13.044879"
}